<?xml version="1.0" encoding="UTF-8" standalone="yes"?>
<addon id="repository.matthuisman" name="MattHuisman.nz Repository" version="0.0.2" provider-name="MattHuisman.nz">
  <extension point="xbmc.addon.repository" name="MattHuisman.nz Repository">
    <dir>
      <info compressed="false">http://kodi.matthuisman.nz/.repo/addons.xml</info>
      <checksum>http://kodi.matthuisman.nz/.repo/addons.xml.md5</checksum>
      <datadir zip="true">http://kodi.matthuisman.nz/.repo/</datadir>
    </dir>
  </extension>
  <extension point="xbmc.addon.metadata">
    <platform>all</platform>
    <description lang="en">Addons by MattHuisman.nz</description>
    <license>GNU General Public License, v2</license>
    <language></language>
    <website>http://www.matthuisman.nz</website>
  </extension>
</addon>
